"city_id","city_name","province","population","x_coord","y_coord","latitude","longitude"
11001,"AARTSELAAR",1,0.00129127190047392,150964.395333333,202431.664,51.1340539,4.3844742
11002,"ANTWERPEN",1,0.0422577299818809,153104.586028369,212271.710070922,51.2165845003546,4.41354548865248
11004,"BOECHOUT",1,0.00114804074652391,159954.505,206256.5035,51.16082405,4.51038522
11005,"BOOM",1,0.00140241301446791,150360.4,198115.397222222,51.08608,4.36633
11007,"BORSBEEK",1,0.0010398738313551,158373.267142857,209240.251428571,51.1966684,4.4856299
11008,"BRASSCHAAT",1,0.00363744516320916,158918.819827586,221748.327413793,51.29227,4.49419
11009,"BRECHT",1,0.00254012233349378,168070.150125,224780.0715,51.3495775,4.6376322
11013,"EDEGEM",1,0.00208585259714086,154685.668,205393.024666667,51.1559541,4.4318937
11016,"ESSEN ",1,0.0016364355009764,156460.2596,237847.8004,51.38298,4.47518
11018,"HEMIKSEM",1,0.000887093933808422,148198.769285714,203536.623571429,51.14518,4.33834
11021,"HOVE",1,0.000788788835796831,157610.123333333,204366.294444444,51.1540043,4.4711513
11022,"KALMTHOUT ",1,0.00168417921895973,157904.470588235,231315.796176471,51.38298,4.47518
11023,"KAPELLEN",1,0.00246968078237083,154487.6576,224119.3344,51.3140004,4.4324004
11024,"KONTICH",1,0.0019446564213344,155592.424827586,201594.393448276,51.1300355655172,4.4466770862069
11025,"LINT",1,0.000776422430155245,159097.005555556,201935.016666667,51.1272719,4.4967604
11029,"MORTSEL",1,0.00228183664604295,156009.792380952,207196.811904762,51.1691158,4.4662486
11030,"NIEL",1,0.000796302601249946,147481.69,199869.634285714,51.11064,4.33207
11035,"RANST",1,0.00174867237243231,165219.225142857,208999.295714286,51.1887110371429,4.59022609142857
11037,"RUMST",1,0.00141697093503332,153073.82,198210.017826087,51.090113626087,4.41347080869565
11038,"SCHELLE",1,0.00074715005224415,148445.176666667,201304.416666667,51.1269186,4.3388412
11039,"SCHILDE",1,0.00188110248854346,164830.49625,215797.55375,51.2481301333333,4.5759354
11040,"SCHOTEN",1,0.00312243915611022,159116.704027778,216452.039722222,51.2497532,4.4977063
11044,"STABROEK",1,0.00184165521991461,151340.993235294,224221.246764706,51.3229754411765,4.38529379411765
11050,"WIJNEGEM",1,0.000807103639088799,160418.273846154,213067.75,51.2298182,4.5108974
11052,"WOMMELGEM",1,0.00115351953383347,160133.67575,210635.344,51.2021676,4.5219648
11053,"WUUSTWEZEL",1,0.00175994302061198,165472.553285714,230754.345857143,51.3918731628571,4.60460126857143
11054,"ZANDHOVEN",1,0.00121973459188905,171240.356451613,210798.587741935,51.2061349806452,4.67296063548387
11055,"ZOERSEL",1,0.00203748273203643,170230.605,216710.912692308,51.2551742846154,4.660247
11056,"ZWIJNDRECHT",1,0.00174914198277313,147413.726590909,211497.378181818,51.2111991272727,4.33681802272727
11057,"MALLE-WESTMALLE",1,0.00141540556723059,173766.162083333,220855.247083333,51.2989753,4.71400875
12002,"BERLAAR",1,0.000995417385757501,170183.21375,199770.38625,51.11804,4.65752
12005,"BONHEIDEN",1,0.00134825128849337,163812.0405,190191.099,51.022196545,4.54803189
12007,"BORNEM-BORMEM",1,0.00197596377738904,140919.533103448,197684.458965517,51.0960068310345,4.23910036551724
12009,"DUFFEL",1,0.0015738207888671,159562.417368421,198297.200526316,51.09539,4.5052
12014,"HEIST-OP-DEN-BERG",1,0.00376799683795704,175485.751727273,195142.910181818,51.0751658363636,4.72976478181818
12021,"LIER",1,0.00313183136292661,164122.030606061,202178.86969697,51.1302163606061,4.57150510909091
12025,"MECHELEN",1,0.00715936618257667,157133.004734043,190719.186808511,51.0253457489362,4.47459442765958
12026,"NIJLEN",1,0.00206127632263796,170161.91375,204679.688,51.161359085,4.67056163
12029,"PUTTE",1,0.00152795551224705,168321.421818182,193384.040454545,51.0547257,4.6286791
12030,"PUURS",1,0.00154251343281246,145766.049285714,195576.441428571,51.0660142971429,4.31838657142857
12034,"SINT-AMANDS",1,0.000728209101831089,140363.067222222,193587.940555556,51.0559173,4.2216529
12035,"SINT",1,0.00182772344647029,160949.1434,194566.7006,51.068052052,4.544615732
12040,"WILLEBROEK",1,0.00215222419197671,149512.518235294,193678.293235294,51.0549093352941,4.35449356176471
13001,"ARENDONK ",1,0.00119562792772697,200265.820714286,223593.327142857,51.322049,5.0863348
13002,"BAARLE-HERTOG",1,0.000215864219996791,188246.127602339,235450.818913255,51.441832,4.931736
13003,"BALEN",1,0.0019797206601156,206348.938285714,206025.960571429,51.1643076485714,5.16314632571429
13004,"BEERSE",1,0.00162422563211509,181984.558,222925.8025,51.31501988,4.84026508
13006,"DESSEL",1,0.000862361122525251,202306.173076923,214920.894615385,51.23985,5.11269
13008,"GEEL",1,0.0034652547049086,192976.39754717,204923.660566038,51.1414208867925,4.91406741320755
13010,"GROBBENDONK",1,0.00107008542994783,176066.145238095,207526.172380952,51.1843208285714,4.73956748571429
13011,"HERENTALS",1,0.00256454207121641,182261.408181818,206326.053030303,51.1643319787879,4.83547916969697
13012,"HERENTHOUT",1,0.000856569261655142,178069.888333333,203598.811666667,51.1394506,4.7564892
13013,"HERSELT",1,0.00136312228261933,185479.861176471,193018.376470588,51.0523683235294,4.880688
13014,"HOOGSTRATEN",1,0.00181144362132187,177723.850128205,236286.371538462,51.4167736615385,4.77053884871795
13016,"HULSHOUT",1,0.000892729257898259,181190.1955,194518.243,51.07468686,4.79178604
13017,"KASTERLEE",1,0.0017785708974645,190260.79425,214726.58225,51.233684625,4.937155015
13019,"LILLE",1,0.00152592053410349,182261.79,215623.595862069,51.2602124206897,4.83726776206897
13021,"MEERHOUT",1,0.000935463798912852,199576.960625,202102.603125,51.13219,5.07708
13023,"MERKSPLAS ",1,0.000820409265412024,184075.034375,228333.24125,51.34806,4.76054
13025,"MOL",1,0.00320509057609449,202717.016324786,210208.450598291,51.191087,5.1170647
13029,"OLEN",1,0.00114663191550145,186180.606,206167.0615,51.1440245,4.8599119
13031,"OUD-TURNHOUT",1,0.00127765320059014,193450.011315789,223717.788947368,51.3177601,4.982845
13035,"RAVELS",1,0.0013012902544114,195016.689583333,234093.055138889,51.4103972694444,5.01068341666667
13036,"RETIE ",1,0.00101247989480728,199608.027142857,218127.677142857,51.2669664,5.0842508
13037,"RIJKEVORSEL",1,0.00105239677377696,177557.584736842,226352.594210526,51.34806,4.76054
13040,"TURNHOUT",1,0.00392954279519902,189799.266666667,223877.525151515,51.3216509,4.9375577
13044,"VORSELAAR",1,0.000744645463759779,178723.954444444,211248.755,51.2025247,4.7708827
13046,"VOSSELAAR",1,0.00100981876954264,186101.492857143,222199.430714286,51.31473,4.88768
13049,"WESTERLO",1,0.00230813482512885,186551.214,200122.901833333,51.08995144,4.9143397
13053,"LAAKDAL-VEERLE",1,0.00151151915031836,195290.968055556,197269.388611111,51.0827854944444,5.02667047777778
21001,"ANDERLECHT",2,0.00837299584003506,145296.458441558,169229.965454545,50.8334893116883,4.29770716363636
21002,"AUDERGHEM",2,0.00273328872035096,153938.873030303,167298.931212121,50.8164064,4.4265181
21003,"BERCHEM-SAINTE-AGATHE",2,0.00178765003072034,144767.434444444,172733.761111111,50.8657821,4.2925975
21004,"BRUSSEL",2,0.0135338569488633,149789.478380952,172284.190857143,50.8607939085714,4.35941952952381
21005,"ETTERBEEK",2,0.00415229463352783,151818.757894737,169198.770526316,50.832578,4.3889939
21006,"EVERE",2,0.00296151934598933,152764.726206897,173265.188965517,50.8739353,4.4009421
21007,"FOREST",2,0.00454050584860545,147075.382051282,167075.688461538,50.8134333,4.3248344
21008,"GANSHOREN",2,0.00178655427325843,146022.220625,173771.568125,50.8729866,4.3093326
21009,"ELSENE",2,0.0082031534334386,150462.299791667,168070.637604167,50.8270563,4.372308
21010,"JETTE",2,0.00378302436886327,146926.441764706,174493.274117647,50.8808582,4.3227894
21011,"KOEKELBERG",2,0.00157569923023038,146813.56125,172465.885,50.8633811,4.330338
21012,"MOLENBEEK-SAINT-JEAN",2,0.00683564812097162,146730.122045455,171664.584772727,50.8522009,4.3303277
21013,"SAINT-GILLES",2,0.00451592957410255,148263.670769231,168825.413076923,50.8301436,4.3402184
21014,"SAINT-JOSSE-TEN-NODE",2,0.00219308029162802,149924.475714286,171548.332857143,50.8499766,4.3692349
21015,"SCHAARBEEK",2,0.0106432487643378,151137.893529412,172542.43627451,50.86744,4.37727
21016,"UCCLE",2,0.00706716601899574,148591.9161,165069.0843,50.8023982,4.34067
21017,"WATERMAAL-BOSVOORDE",2,0.00230594331020502,152963.263030303,165745.76969697,50.8068657,4.4053286
21018,"SINT-LAMBRECHTS-WOLUWE",2,0.00449010100535747,154363.602564103,170698.944102564,50.8415257,4.4337046
21019,"SINT-PIETERS-WOLUWE",2,0.00353569625603156,154935.814,169117.678285714,50.8369585,4.4080961
23002,"ASSE",2,0.00277242291541926,140356.008823529,176973.158039216,50.9017160490196,4.23890144901961
23003,"BEERSEL",2,0.00219996790996004,145039.108461538,160276.556282051,50.7530638051282,4.30075488205128
23009,"BEVER",2,0.000189879114471434,118403.4575,156517.5525,50.7169522,3.9406874
23016,"DILBEEK",2,0.00363713208964861,140802.377295082,171379.304180328,50.8525939590164,4.23704610163934
23023,"GALMAARDEN",2,0.000769221738262677,123038.603636364,160306.654090909,50.7518319727273,3.9955352
23024,"GOOIK",2,0.000879580168355307,130953.205,163457.295,50.7790155944444,4.0847716
23025,"GRIMBERGEN",2,0.00322731879889329,150251.68673913,180545.628043478,50.9338088695652,4.3694560326087
23027,"HALLE",2,0.00328038476740591,140752.64325,157804.62075,50.73481354,4.23414754
23032,"HERNE",2,0.000612215347648622,126580.405357143,156251.439642857,50.7230167285714,4.0274331
23033,"HOEILAART",2,0.000947360594213618,157077.442,161709.876,50.7674863,4.4740458
23038,"KAMPENHOUT",2,0.00106022361279062,163571.805185185,180903.344814815,50.9346826444444,4.55573942592593
23039,"KAPELLE",2,0.000883493587862138,149185.049473684,188802.220526316,50.9893377421053,4.41737346842105
23044,"LIEDEKERKE ",2,0.00119437563348478,130692.834444444,173158.74,50.8475374,4.139768
23045,"LONDERZEEL",2,0.00169717177172241,144195.85173913,188873.726521739,51.0074251652174,4.27704323478261
23047,"MACHELEN",2,0.00113864853970751,155114.867954545,177174.385909091,50.9049944454545,4.43552918636364
23050,"MEISE",2,0.00183038457173494,146543.398235294,182463.779117647,50.9353523529412,4.28259382352941
23052,"MERCHTEM",2,0.00141634478791223,141580.543809524,181867.406190476,50.9422023809524,4.24910428571429
23060,"OPWIJK",2,0.00116353788777096,136783.741166667,183571.562166667,50.9658282,4.18376046
23062,"OVERIJSE",2,0.00231611820092278,161083.240357143,162365.305714286,50.77381,4.53475
23064,"PEPINGEN",2,0.000404960650566859,135002.343,159619.021333333,50.7523529733333,4.16672477333333
23077,"SINT-PIETERS-LEEUW",2,0.00288966896384392,141906.621304348,164479.863913043,50.7853860956522,4.24685157391304
23081,"STEENOKKERZEEL",2,0.00104707452324767,159248.046666667,178703.15047619,50.9159577142857,4.49958366666667
23086,"TERNAT",2,0.00144201681987704,135277.556590909,173304.881136364,50.8674157272727,4.16668363636364
23088,"VILVOORDE",2,0.00332578043368515,153855.701176471,179476.171470588,50.9272527676471,4.42578355294118
23094,"ZAVENTEM",2,0.00265548994055516,157767.919198718,173486.461025641,50.874791875,4.47032411346154
23096,"ZEMST",2,0.0020598674916155,157132.343714286,185485.299428571,50.9770503028571,4.47290146571429
23097,"ROOSDAAL",2,0.00104034344169592,131002.530681818,169785.126363636,50.8155439590909,4.15459720454545
23098,"DROGENBOS",2,0.000439555279007244,146009.968333333,164477.923333333,50.7875382,4.3164506
23099,"KRAAINEM",2,0.00119672368518888,157085.331875,170864.115,50.8610856,4.4592974
23100,"LINKEBEEK",2,0.000438929131886151,148017.141428571,162168.674285714,50.7660264,4.3456087
23101,"SINT-GENESIUS-RODE",2,0.00168355307183864,149580.176363636,159062.051363636,50.74594,4.35753
23102,"WEMMEL",2,0.00134058098625998,145840.894901961,177385.211568627,50.91032,4.3009225
23103,"WEZEMBEEK-OPPEM",2,0.00125151155828451,158716.91125,170383.63625,50.8508976,4.4874562
23104,"LENNIK",2,0.000863926490327984,135515.569333333,166995.23,50.8270885066667,4.1219471
23105,"AFFLIGEM-HEKELGEM",2,0.00119500178060588,132026.194117647,177041.004117647,50.9020447235294,4.11440624117647
24001,"AARSCHOT",2,0.00276068265689877,184082.99775,186680.6595,51.0043280075,4.825603145
24007,"BEGIJNENDIJK",2,0.000915583627818151,179872.134545455,188797.483636364,50.9983166181818,4.78984968181818
24008,"BEKKEVOORT",2,0.000557114400992443,193342.643076923,180485.081538462,50.9411273692308,4.97992188461538
24009,"BERTEM",2,0.000860326144381699,166967.832941176,171521.706470588,50.8594108588235,4.62225341764706
24011,"BIERBEEK",2,0.000878797484453941,178192.409615385,169937.816923077,50.8394959384615,4.76003956538462
24014,"BOORTMEERBEEK",2,0.00111548109622707,163024.996304348,185629.614130435,50.9897419,4.55432838695652
24016,"BOUTERSEM",2,0.000713807718045951,183436.156212121,169571.333030303,50.8387859681818,4.85023390909091
24020,"DIEST",2,0.00225115543710939,198544.600238095,187426.975238095,50.9971746071429,5.05845914761905
24028,"GEETBETS",2,0.00057292461580004,203151.450666667,176008.206,50.890297,5.12923178
24033,"HAACHT",2,0.00129299380505692,169242.394545455,183468.726136364,50.9629862909091,4.6562471
24038,"HERENT",2,0.00186310075881204,170009.22875,177380.479768519,50.9050355916667,4.654275825
24041,"HOEGAARDEN",2,0.000574020373261953,186098.059666667,163560.931333333,50.8000366666667,4.93241066666667
24043,"HOLSBEEK",2,0.000865804931691263,179138.507222222,179477.589444444,50.9269507277778,4.77620123888889
24045,"HULDENBERG",2,0.000854847357072136,167256.798181818,163970.921363636,50.7886645363636,4.61561846363636
24048,"KEERBERGEN",2,0.00122380454817615,169870.475555556,188393.503888889,51.0057936,4.6320416
24054,"KORTENAKEN",2,0.000724921829445351,195906.288157895,175295.859473684,50.8750480631579,4.99461282105263
24055,"KORTENBERG",2,0.00173145332660225,163674.363142857,175501.923571429,50.8909802771429,4.5618213
24059,"LANDEN",2,0.00140554375007338,199053.162045455,160852.838409091,50.7524346886364,5.06881637045455
24062,"LEUVEN",2,0.00896298296488489,173931.717086957,174757.824,50.8669814313043,4.71192837478261
24066,"LUBBEEK",2,0.00136406150330097,181320.468181818,175143.864545455,50.8845254909091,4.81067163636364
24086,"OUD-HEVERLEE",2,0.00106288473805527,172601.0925,168331.978,50.82680259,4.682177885
24094,"ROTSELAAR",2,0.00144201681987704,175902.71,182839.185185185,50.9568319518519,4.72336037407407
24104,"TERVUREN",2,0.00193510767773773,161697.364264706,168589.795294118,50.8282328117647,4.52050626764706
24107,"TIENEN",2,0.00309019257937393,190387.007758621,166923.270862069,50.8077383482759,4.93881407241379
24109,"TREMELO",2,0.00135529544360567,175155.655714286,187594.435714286,50.9891984142857,4.73157623571429
24130,"ZOUTLEEUW",2,0.000775483209473606,201510.312,170093.396666667,50.83131316,5.11246597333333
24133,"LINTER",2,0.000687822612520594,197428.996176471,167756.383823529,50.8181371647059,5.04627097647059
24134,"SCHERPENHEUVEL",2,0.00217539163545715,192046.213947368,187661.891710526,51.0012636973684,4.97245473947368
24135,"TIELT",2,0.000985085958259468,187024.847954545,179107.829545455,50.9234452409091,4.89160051363636
24137,"GLABBEEK",2,0.000489177438353859,190909.642333333,173167.969,50.8674827066667,4.94080562
25005,"BEAUVECHAIN",2,0.000598283574204304,177582.1743,163047.7677,50.77990726,4.747128885
25014,"BRAINE",2,0.0035231733136097,149435.7615,151884.51075,50.6757024766667,4.36619461833333
25015,"BRAINE-LE-CHATEAU",2,0.000881458609718586,144128.9276,152227.5488,50.6730635,4.265074564
25018,"CHAUMONT-GISTOUX",2,0.0010246897636686,172345.457982456,153391.453026316,50.6885478526316,4.69576022105263
25023,"COURT-SAINT-ETIENNE",2,0.000852968915708857,163502.393181818,146882.476363636,50.6209493,4.5598691
25031,"GENAPPE",2,0.00134042444947971,156934.670714286,144869.309183673,50.6075248510204,4.46473803265306
25037,"GREZ-DOICEAU",2,0.00114757113618309,172149.056595745,159679.447021277,50.7490228787234,4.69038691276596
25043,"INCOURT",2,0.000399012252916476,179454.436458333,155094.546875,50.6938251125,4.80096585833333
25044,"ITTRE",2,0.000549913709099874,141578.235416667,147973.042916667,50.6487749291667,4.26162677083333
25048,"JODOIGNE",2,0.00107916456320368,184588.48097561,157546.164390244,50.7273126731707,4.85732617317073
25050,"LA HULPE",2,0.000667159757524527,157677.015833333,158118.253333333,50.7309955,4.4856707
25068,"MONT-SAINT-GUIBERT",2,0.000604075435074414,168097.162857143,147390.424642857,50.6306207571429,4.62263955
25072,"NIVELLES",2,0.00233740720303994,147102.871891892,143230.427297297,50.5987245783784,4.33518127567568
25084,"PERWEZ",2,0.000681874214870211,180017.452727273,147437.363636364,50.6372264590909,4.78949645454545
25091,"RIXENSART",2,0.00202793398843976,161165.812173913,156669.78826087,50.7207928565217,4.52364733478261
25105,"TUBIZE",2,0.00208334800865648,138184.089305556,152988.483611111,50.6859816277778,4.20385764444444
25107,"VILLERS-LA-VILLE",2,0.000873631770704924,161343.080862069,139534.547298851,50.5659199586207,4.52994165172414
25110,"WATERLOO ",2,0.00272530534455702,152194.843870968,155337.857741935,50.71469,4.3991
25112,"WAVRE",2,0.00304464037631442,165992.514181818,155437.211818182,50.7078903854545,4.59454279090909
25117,"CHASTRE",2,0.000630217077380044,168377.123695652,142509.580434783,50.5928864608696,4.62901444782609
25118,"HELECINE-NEERHEYLISSEM",2,0.000272060924114882,193530.063333333,159936.141111111,50.7494643111111,4.98462678888889
25119,"LASNE",2,0.00134042444947971,156904.368546099,152478.134326241,50.6886346340426,4.48573637446809
25120,"ORP",2,0.000702223996305732,192014.604545455,153930.661590909,50.68955515,4.97281395909091
25121,"OTTIGNIES",2,0.00280232144045145,165020.977602339,151011.032865497,50.6659096175439,4.57305685964912
25122,"RAMILLIES",2,0.000511562197932932,186710.47703125,149706.86796875,50.658101653125,4.8817863125
25123,"REBECQ",2,0.000956909337810285,133887.592083333,151450.047083333,50.6756882291667,4.13759158333333
25124,"WALHAIN",2,0.000544591458570584,173086.637833333,146677.236833333,50.634129525,4.699909795
31003,"BEERNEM",3,0.00143497266476474,77952.109047619,204815.194761905,51.1520519904762,3.34559021904762
31004,"BLANKENBERGE",3,0.00169184952119312,63960.6394117647,222799.392941176,51.3075702588235,3.13813223529412
31005,"BRUGGE",3,0.011346881591666,69778.4460734463,212973.689025424,51.2176015169492,3.22007974830508
31006,"DAMME",3,0.00105912785532871,77161.5572727273,215653.158636364,51.2386657181818,3.31733291818182
31012,"JABBEKE",3,0.0013551389068254,61646.93,209043.426923077,51.1818156576923,3.10732228846154
31022,"OOSTKAMP",3,0.00211700341641523,70505.996875,202724.7775,51.131417725,3.22897529375
31033,"TORHOUT",3,0.00185449123589701,60862.5853125,196301.6971875,51.06759099375,3.09304265
31040,"ZEDELGEM",3,0.00218494037905381,64392.9507142857,203055.423928571,51.1357901357143,3.14693942857143
31042,"ZUIENKERKE",3,0.000278478932106085,63414.984,217106.298,51.25582744,3.12815593
31043,"KNOKKE",3,0.0030973932712665,74222.9243243243,225824.025405405,51.3376790432432,3.27222110540541
32003,"DIKSMUIDE",3,0.00145767049790436,43891.3747727273,193516.836136364,51.0427636590909,2.85258585227273
32006,"HOUTHULST",3,0.000822287706775303,47664.7931578947,186124.706842105,50.9763437421053,2.91021055789474
32010,"KOEKELARE",3,0.000779396628980437,51571.9105263158,198506.899473684,51.0876689421053,2.96999281578947
32011,"KORTEMARK",3,0.00116040715216549,54684.78,191521.658518519,51.0259515925926,3.00887954444444
32030,"LO",3,0.000279731226348271,38217.565,184815.467142857,50.9617196571429,2.77435782142857
33011,"IEPER",3,0.00332233662451914,44995.3571666667,172638.840833333,50.853832865,2.86942855666667
33016,"MESEN",3,8.82867440741045e-05,45700.21,162124.45,50.7638555,2.8976699
33021,"POPERINGE",3,0.00180674751791368,32428.2594736842,173385.232368421,50.8641627315789,2.69834700789474
33029,"WERVIK",3,0.00167760467418826,57288.5721428571,166036.914047619,50.7927543666667,3.05549953333333
33037,"ZONNEBEKE",3,0.00108088646778669,53653.7408,173560.4504,50.866404292,3.001817784
33039,"HEUVELLAND-KEMMEL",3,0.000780648923222623,40430.3544,164047.2,50.779336028,2.806396244
33040,"LANGEMARK",3,0.000706137415812563,48786.4241176471,179840.626176471,50.8921818470588,2.96395109411765
33041,"VLETEREN-OOSTVLETEREN",3,0.000331075290277892,36640.9577777778,179452.621111111,50.9170302,2.75563458888889
34002,"ANZEGEM",3,0.00134762514137228,84907.62234375,169439.49453125,50.82731015,3.4495885875
34003,"AVELGEM",3,0.000866587615592629,85466.7826,163290.7904,50.854228896,3.639591368
34009,"DEERLIJK",3,0.00112283832489991,79516.9634375,171021.725,50.85374,3.35335
34013,"HARELBEKE",3,0.00258254380094783,75348.32,172710.7353125,50.8646800875,3.308443375
34022,"KORTRIJK",3,0.00709800376470957,71876.0933628319,167663.596504425,50.8290024584071,3.26440600884956
34023,"KUURNE",3,0.00125871225017708,73106.1616666667,172737.185666667,50.85397,3.287
34025,"LENDELEDE",3,0.00052455475069561,70574.0535,175632.047,50.8862994,3.2381931
34027,"MENEN",3,0.00302256869029589,64060.6446153846,165186.095,50.7927687673077,3.14712542692308
34040,"WAREGEM",3,0.00354602768352959,82021.12125,175252.001041667,50.89031558125,3.40128233541667
34041,"WEVELGEM",3,0.00305622409805464,66273.3132608696,169171.368804348,50.8250722434783,3.18274211956522
34042,"ZWEVEGEM",3,0.00225553846695704,79503.5734210526,165200.375263158,50.7911849578947,3.37042700789474
34043,"SPIERE",3,0.000177512708829848,78829.822,158003.686,50.72396996,3.36568052
35002,"BREDENE",3,0.00143199846593955,52051.7088888889,214854.898333333,51.2345015,2.9728359
35005,"GISTEL",3,0.00105474482548106,51220.9652,205701.0298,51.156642696,2.982255432
35006,"ICHTEGEM",3,0.00129831605558621,56085.0563461538,200936.818269231,51.1121024846154,3.01975090769231
35011,"MIDDELKERKE",3,0.00157366425208683,41470.1066666667,207107.594111111,51.1651815244444,2.82039786
35013,"OOSTENDE",3,0.0062743072269118,48590.9179710145,212744.856666667,51.2080709275362,2.90244614492754
35014,"OUDENBURG",3,0.000856725798435415,55105.9316,208749.4564,51.17468924,3.016719992
35029,"DE HAAN-KLEMSKERKE",3,0.001093096336648,57959.4976190476,219209.802380952,51.267571,3.06177494285714
36006,"HOOGLEDE",3,0.00094986518269799,60146.4805882353,187389.225882353,50.9872735470588,3.09020392941176
36007,"INGELMUNSTER",3,0.00102061980738149,72003.9275,179244.0025,50.92325,3.26284
36008,"IZEGEM",3,0.00259584942727106,68182.1364705882,179193.702647059,50.9192964911765,3.21138250294118
36010,"LEDEGEM",3,0.00090102570725274,64515.118,173814.544666667,50.8666833133333,3.15540945333333
36011,"LICHTERVELDE",3,0.000798494116173772,63768.8286666667,191710.186666667,51.0277074,3.1439095
36012,"MOORSLEDE",3,0.00101936751313931,59550.2173333333,174581.488,50.8779782333333,3.0736431
36015,"ROESELARE",3,0.00531160602823141,63211.7196621622,181886.279527027,50.9434012608108,3.13876456621622
36019,"STADEN",3,0.00100981876954264,55400.666,183653.436,50.95641829,3.02902869
37002,"DENTERGEM",3,0.000746054294782238,83024.5695,182052.9885,50.94161737,3.41321853
37007,"MEULEBEKE",3,0.0010533359944586,74157.1352631579,183018.767368421,50.9506,3.28637
37010,"OOSTROZEBEKE",3,0.000718973431794968,77868.9454545455,180658.407272727,50.9202012,3.3346008
37011,"PITTEM",3,0.000632095518743323,72313.904,188594.512,51.00250462,3.26361446
37012,"RUISELEDE",3,0.000469453804039432,80773.882,194511.051,51.0413098,3.3970513
37015,"TIELT",3,0.00185183011063237,78466.1403448276,188339.975862069,50.9619028103448,4.4372662862069
37017,"WIELSBEKE",3,0.00086956181441782,79372.2166666667,178215.536818182,50.9048147454545,3.36685494545455
37018,"WINGENE",3,0.00120220247249844,72281.005,195019.082916667,51.0504070875,3.2344213875
37020,"ARDOOIE",3,0.000891007353315253,68188.6830769231,185908.502307692,50.9806377846154,3.20106973846154
38002,"ALVERINGEM",3,0.000431884976773855,30987.3375,186461.2235,50.97894048,2.67204473
38008,"DE PANNE",3,0.000894607699261538,25484.9468421053,198811.466842105,51.087373,2.59597279473684
38014,"KOKSIJDE",3,0.00188172863566456,31009.3922580645,201883.673548387,51.1095540032258,2.67107771935484
38016,"NIEUWPOORT",3,0.000969119206671598,36853.81625,203929.88,51.1490161833333,2.7691416625
38025,"VEURNE",3,0.0010954443883521,31350.5005882353,195636.796470588,51.0597548058823,2.67510858823529
41002,"AALST",4,0.00760205219718938,128207.177125984,181656.376141732,50.9428475417323,4.05788012834646
41011,"DENDERLEEUW",4,0.00172800951743624,128333.487045455,175371.788636364,50.8822507136364,4.06172090909091
41018,"GERAARDSBERGEN",4,0.00302757786726464,116884.165243902,163280.151463415,50.7797461219512,3.8977996695122
41024,"HAALTERT",4,0.00170906856702318,123854.124736842,175255.103157895,50.8928346157895,4.02232748157895
41027,"HERZELE",4,0.00162673022059946,116208.127317073,173763.747195122,50.873867897561,3.88747023658537
41034,"LEDE",4,0.00170296363259252,120835.599736842,184078.538421053,50.9640938184211,3.95310353684211
41048,"NINOVE",4,0.00348857868516931,124487.935316456,168825.287151899,50.8270294240506,4.00685367974684
41063,"SINT",4,0.000892259647557439,115599.4495,180209.3845,50.9281444433333,3.87695582666667
41081,"ZOTTEGEM",4,0.00240769221738263,110851.84325,173376.43975,50.871073015,3.810389245
41082,"ERPE - MERE-MERE",4,0.00188016326786182,120959.619528302,179452.618867925,50.9234240735849,3.95514536226415
42003,"BERLARE",4,0.00137658444572283,122568.027692308,192048.6625,51.0539433038462,3.99488903846154
42004,"BUGGENHOUT",4,0.00138253284337321,137920.128787879,189449.166060606,51.0136764,4.2011261
42006,"DENDERMONDE",4,0.00425091280509997,130935.180403226,190869.199919355,51.0270769741935,4.09951408387097
42008,"HAMME",4,0.00222219613275884,133678.454333333,196983.0025,51.0839212133333,4.14439191333333
42010,"LAARNE",4,0.00116118983606686,115898.5815,192379.3915,51.03438955,3.88597895
42011,"LEBBEKE",4,0.00172253073012668,132802.062954545,187217.072727273,50.9976468454545,4.11601398181818
42023,"WAASMUNSTER",4,0.00102375054298696,129836.956666667,200796.357333333,51.1094611,4.0844742
42025,"WETTEREN",4,0.00227604478517284,115386.66047619,187550.282261905,50.9981815571429,3.88601201428571
42026,"WICHELEN",4,0.00110968923535696,120524.427647059,187997.171764706,51.0046888941176,3.94041428235294
42028,"ZELE",4,0.00200179234613413,126565.492272727,195390.453636364,51.1023413,3.9940663
43002,"ASSENEDE",4,0.00131725700599927,103924.464901961,213837.040588235,51.2311090705882,3.71436938823529
43005,"EEKLO ",4,0.00187468448055226,93138.1223809524,209072.882857143,51.2046849,3.4868397
43007,"KAPRIJKE",4,0.000598283574204304,98150.74375,211108.54,51.2066899,3.6252572
43010,"MALDEGEM",4,0.00215801605284682,86126.8485135135,211366.21472973,51.2050524054054,3.48332214324324
43014,"SINT-LAUREINS",4,0.000615659156814633,94194.4046666667,217020.976,51.2687639866667,3.56912622666667
43018,"ZELZATE",4,0.00117606083019281,110780.50125,210115.9353125,51.1987114,3.8119772
44001,"AALTER",4,0.00182521885798592,85327.9755769231,197657.3775,51.0809487923077,3.45586583076923
44011,"DEINZE",4,0.00272561841811757,90893.227755102,186746.587755102,50.9913404816327,3.53021639183673
44012,"DE PINTE",4,0.000999643878824878,100834.495,186179.108125,50.98157445,3.6824476
44013,"DESTELBERGEN",4,0.00169983289698706,110452.959,192636.9902,51.04630278,3.800848876
44019,"EVERGEM",4,0.0030815830564589,104561.348939394,203752.306919192,51.1389861090909,3.71619817272727
44020,"GAVERE",4,0.00118482688988812,101496.708392857,180023.184642857,50.921140075,3.666745225
44021,"GENT",4,0.0221045587423835,104032.040414508,194183.700595855,51.050978484456,3.72126410777202
44029,"KNESSELARE",4,0.000783623122047814,85589.2357142857,203280.188571429,51.1389344142857,3.41277175714286
44034,"LOCHRISTI",4,0.00190239149066062,114380.6727,198905.6351,51.0998049,3.863398716
44036,"LOVENDEGEM",4,0.000952995918303454,98198.51,198637.468181818,51.0922852818182,3.61860521818182
44040,"MELLE",4,0.00100825340173991,109885.306071429,187836.857142857,50.9993387285714,3.79966655
44043,"MERELBEKE",4,0.00214345813228141,105982.441785714,185534.493928571,50.9834308357143,3.70726650357143
44045,"MOERBEKE",4,0.00057339422614086,120888.353333333,208890.555833333,51.1734692,3.9342837
44048,"NAZARETH",4,0.0010708681138492,97507.9823529412,183198.254705882,50.9499533941176,3.63606598823529
44049,"NEVELE",4,0.00104347417730138,93003.187962963,194298.487592593,51.0526475333333,3.55414694814815
44052,"OOSTERZELE",4,0.00128954999589091,109714.994807692,181365.515384615,50.9416152807692,3.79582495769231
44064,"SINT-MARTENS-LATEM",4,0.000818843897609292,97501.9933333333,189281.116333333,51.00907072,3.62158326
44072,"WAARSCHOOT",4,0.000770787106065409,96946.2583333333,204508.130333333,51.1514819,3.6060488
44073,"WACHTEBEKE",4,0.000680934994188572,115025.415384615,207862.160769231,51.17095,3.86055
44080,"ZOMERGEM",4,0.000782057754245082,93353.9430769231,202204.497692308,51.1268390615385,3.55547008461538
44081,"ZULTE",4,0.00141524903045032,86859.1190476191,180994.790952381,50.9383049238095,3.46480478095238
45017,"KRUISHOUTEM",4,0.000750906934970708,90819.7157142857,177506.032380952,50.8996273285714,3.52897187142857
45035,"OUDENAARDE",4,0.00269932023903166,96897.9726785714,171516.72375,50.8670017267857,3.56625518571429
45041,"RONSE",4,0.00219621102723349,96552.3957894737,160152.343684211,50.7505367,3.6005095
45057,"ZINGEM",4,0.00063679162215152,97610.6533333333,177773.431666667,50.8984487333333,3.62428904166667
45059,"BRAKEL-NEDERBRAKEL",4,0.00130911709342506,107019.592285714,166487.512285714,50.8088083685714,3.76539539428571
45060,"KLUISBERGEN-RUIEN ",4,0.000567289291710203,89819.1111111111,163762.383333333,50.8061825055556,3.51540862222222
45061,"WORTEGEM-PETEGEM-PETEGEM-AAN-DE-SCHELDE ",4,0.000579342623791243,91221.6723529412,171104.139411765,50.8302653705882,3.53211275882353
45062,"HOREBEKE",4,0.000184556863942144,102348.994285714,169406.882857143,50.8387574285714,3.69351931428571
45063,"LIERDE",4,0.000619729113101737,112907.195789474,166475.167368421,50.8071444315789,3.83856895789474
45064,"MAARKEDAL-ETIKHOVE",4,0.000599379331666217,98348.1455555556,165184.636111111,50.8022757722222,3.60269307777778
45065,"ZWALM-MUNKZWALM",4,0.000754976891257812,104510.613709677,174558.329354839,50.8820209806452,3.71647206451613
46003,"BEVEREN",4,0.00448540490194927,140583.431639344,213636.579180328,51.2322929,4.23745185901639
46013,"KRUIBEKE",4,0.00144733907040633,145125.530526316,204858.399473684,51.1530166736842,4.30254416315789
46014,"LOKEREN",4,0.00364026282525408,122514.305769231,199999.765,51.0869985076923,4.02281028653846
46020,"SINT",4,0.00170405939005444,132199.630405405,213294.663378378,51.2249443108108,4.12049485135135
46021,"SINT-NIKLAAS",4,0.00665281316161249,133537.396408451,206051.679295775,51.1560110873239,4.13330128169014
46024,"STEKENE",4,0.00167165627653788,126905.338333333,211303.859270833,51.206352303125,4.04849913125
46025,"TEMSE",4,0.00255796752644493,138474.538194444,202130.583055556,51.1226629083333,4.20754554444444
51004,"ATH",5,0.00251006727168132,107653.554195402,147288.527298851,50.6338264839081,3.77263843793103
51008,"BELOEIL",5,0.00128438428214189,101130.947159091,135976.984090909,50.5352467340909,3.67763823636364
51009,"BERNISSART",5,0.00108026032066559,101408.232173913,130156.317391304,50.4766752086957,3.6746510826087
51012,"BRUGELETTE",5,0.000317769663954667,114108.825263158,143566.956052632,50.6012826157895,3.85940227368421
51014,"CHIEVRES",5,0.000571359247997308,108340.782037037,140233.990740741,50.5698843888889,3.81115236666667
51017,"ELLEZELLES",5,0.000518762889825501,102520.764117647,157294.217647059,50.7233090705882,3.70360215294118
51019,"FLOBECQ",5,0.000292723779110949,104857.419444444,160502.409444444,50.7367,3.73852
51065,"FRASNES",5,0.00104096958881701,95259.5710096154,152466.54,50.6791260634615,3.59098534038462
52010,"CHAPELLE-LEZ-HERLAIMONT",5,0.00133384990470823,144038.602962963,128437.425555556,50.4650692666667,4.2842834037037
52011,"CHARLEROI",5,0.0191525881399908,154684.327237927,123108.904358068,50.4186106936396,4.43134539469965
52012,"CHATELET",5,0.00339669159514893,160654.673695652,121596.892934783,50.4097573391304,4.52296956304348
52015,"COURCELLES",5,0.00280373027147391,148869.023454545,128162.044,50.4658047945455,4.35681621636364
52018,"FARCIENNES",5,0.00106491971619882,162449.172631579,124876.758421053,50.4302078210526,4.54096804210526
52021,"FLEURUS",5,0.00213625744038884,162405.715636364,129719.907090909,50.4860934054545,4.55116650181818
52022,"FONTAINE-L'EVEQUE",5,0.00161999913904771,146847.301860465,122607.050465116,50.415322,4.32742430232558
52025,"GERPINNES",5,0.0011907752875385,160906.554615385,115647.275128205,50.3490001435897,4.52226588205128
52043,"MANAGE",5,0.00209915822346408,140401.470789474,131137.298684211,50.4953073526316,4.23358305
52048,"MONTIGNY-LE-TILLEUL",5,0.000967710375649138,150325.252857143,118409.293809524,50.380403,4.36830114285714
52055,"PONT-A-CELLES",5,0.00155738442693841,151251.077948718,133146.726923077,50.5117284461538,4.37791901282051
52063,"SENEFFE",5,0.00102343746942641,142510.146333333,137015.689333333,50.54840871,4.26114209333333
52074,"AISEAU",5,0.00103924768423401,164541.057586207,122170.239310345,50.4211246586207,4.57339125172414
52075,"LES BONS VILLERS-MELLET",5,0.000834810649197162,155766.78,135044.594827586,50.5231629862069,4.45131801724138
53014,"BOUSSU",5,0.00190176534353953,109941.041333333,124238.733,50.43244088,3.80925276
53020,"DOUR",5,0.00156489819239153,108505.7503125,120037.8196875,50.392750553125,3.781766746875
53028,"FRAMERIES",5,0.00195670975341544,115997.798666667,121090.219666667,50.4021760633333,3.88842644333333
53039,"HENSIES",5,0.000649940711694471,103831.064,124816.192666667,50.4316907466667,3.71741995333333
53044,"JURBISE",5,0.000908226399145309,117362.876176471,134738.372941176,50.5281214941176,3.90482415588235
53046,"LENS",5,0.000358312690045435,117432.265952381,140114.276428571,50.5705867809524,3.90871712857143
53053,"MONS",5,0.00883430973150029,120941.579281046,127125.918594771,50.4515346235294,3.95589956078431
53065,"QUAREGNON",5,0.00180799981215586,113805.233,125359.1916,50.44465808,3.8607686
53068,"QUIEVRAIN",5,0.000631782445182776,101978.993666667,121031.270333333,50.3986714133333,3.69239044
53070,"SAINT-GHISLAIN",5,0.00212029068880097,109819.42712963,129994.236851852,50.4807025814815,3.80589663703704
53082,"COLFONTAINE-WASMES",5,0.00191694941122604,112841.3392,122226.2144,50.414957824,3.84166128
53083,"HONNELLES-ROISIN",5,0.000483229040703476,104526.849230769,116347.647692308,50.3597570769231,3.72337908461538
53084,"QUEVY",5,0.000730713690315461,120084.548103448,117474.999137931,50.3673093310345,3.93854691034483
54007,"MOUSCRON",5,0.00497896537015078,69931.5088333333,159164.061333333,50.7380200666667,3.23864747166667
54010,"COMINES",5,0.00163659203775667,49628.2001219512,161139.549390244,50.7438962414634,2.91459287317073
55004,"BRAINE-LE-COMTE",5,0.00187906751039991,134794.195121951,145251,50.6183017829268,4.1539272804878
55010,"ENGHIEN",5,0.00108401720339215,126778.216,153152.47,50.692204236,4.048787448
55022,"LA LOUVIERE",5,0.00731465066860772,135354.98279661,129197.148644068,50.4742518559322,4.16031796779661
55023,"LESSINES",5,0.00161326805749596,112628.975714286,155518.594285714,50.7092676642857,3.83900565714286
55035,"LE ROEULX",5,0.000776265893374972,131228.1195,131853.427,50.48932552,4.0986517
55039,"SILLY",5,0.000750750398190435,120302.541071429,149074.984285714,50.6520566928571,3.94166715
55040,"SOIGNIES",5,0.0023838986267811,126793.079313725,139022.885294118,50.5633576372549,4.04364381764706
55050,"ECAUSSINES",5,0.00091793167952225,136408.604166667,138994.2125,50.5583399208333,4.165996325
56001,"ANDERLUES",5,0.00107415538623494,142972.248235294,121711.341764706,50.40604,4.28394
56005,"BEAUMONT",5,0.000624581753290207,141717.365227273,102958.569318182,50.2370173090909,4.24818296590909
56011,"BINCHE",5,0.00305669370839546,136400.467461538,122656.485384615,50.4147904876923,4.16794789538462
56016,"CHIMAY",5,0.00091793167952225,146926.77960199,80529.501840796,50.0354124074627,4.33480293880597
56022,"ERQUELINNES",5,0.000899773413010554,133387.876,110517.104,50.30563897,4.13532148
56029,"FROIDCHAPELLE",5,0.000325439966188055,147937.585909091,95906.5845454545,50.1773272818182,4.33217305
56044,"LOBBES",5,0.000535825398875283,141485.834444444,116045.915555556,50.3538001888889,4.24166217777778
56049,"MERBES-LE-CHATEAU",5,0.000386332773714344,137098.114,112875.577333333,50.32669724,4.18496406
56051,"MOMIGNIES",5,0.000475402201689815,138958.323478261,77574.0804347826,50.0144189913043,4.2164479173913
56078,"THUIN",5,0.00145031326923152,145502.370444444,112988.498222222,50.3236263466667,4.30578014
56085,"ESTINNES",5,0.000741045117813494,130954.328125,119157.2246875,50.389893825,4.09828455
56086,"HAM",5,0.00128422774536162,153401.683333333,113287.092555556,50.3350936911111,4.40853727111111
56087,"MORLANWELZ",5,0.0017644825872399,141210.631666667,126600.108333333,50.4459963633333,4.24802074666667
56088,"SIVRY",5,0.000428597704388117,138148.677307692,94319.2996153846,50.1690872615385,4.19138152692308
57003,"ANTOING",5,0.000704728584790104,85777.4275,139273.818333333,50.5617916583333,3.4631156
57018,"CELLES",5,0.000499978476192712,84643.1342105263,155511.772631579,50.6591156526316,3.60956528421053
57027,"ESTAIMPUIS",5,0.000912922502553506,73469.2333333333,153424.772857143,50.6867943571429,3.28800657619048
57062,"PECQ",5,0.000487455533770854,78367.9965384615,153106.416153846,50.6878045076923,3.35430918461538
57064,"PERUWELZ",5,0.00160497160814148,92945.8049074074,135308.983611111,50.5243273703704,3.56349938148148
57072,"RUMES",5,0.000485733629187848,75609.5026666667,137396.278,50.5453235466667,3.31958558
57081,"TOURNAI",5,0.00642379985207274,81256.2759302326,145265.59880814,50.6122585267442,3.40074476162791
57093,"BRUNEHAUT-BLEHARIES",5,0.000685004950475676,81578.49,135325.468225806,50.524837016129,3.40357061935484
57094,"LEUZE-EN-HAINAUT",5,0.00124290203536949,97446.8647959184,143168.103061224,50.5976664163265,3.62891106122449
57095,"MONT-DE-L'ENCLUS-AMOUGIES",5,0.000313856244447836,88846.1586666667,159637.35,50.7420489466667,3.50720999333333
61003,"AMAY",6,0.00124446740317222,216491.843125,138034.025104167,50.5485003375,5.3046336125
61010,"BURDINNE",6,0.000250458848437176,202137.466,141499.467333333,50.56998032,5.09502982
61012,"CLAVIER",6,0.000388211215077623,218210.7,123150.5275,50.4118641916667,5.33011031666667
61019,"FERRIERES",6,0.000411535195338335,238413.4890625,122183.543125,50.399091003125,5.601619346875
61024,"HAMOIR",6,0.000337493298269095,234099.737333333,126093.361333333,50.43693182,5.54181592666667
61028,"HERON",6,0.000407778312611777,202605.9775,136844.093863636,50.5415701681818,5.10703318636364
61031,"HUY",6,0.00183852448430914,210664.773333333,134145.33375,50.5143799541667,5.22266188958333
61039,"MARCHIN",6,0.000477750253393913,211780.694117647,129569.622352941,50.4604659470588,5.24323770588235
61041,"MODAVE",6,0.000353303513076691,216436.073095238,130461.564285714,50.4788808428571,5.31027182380952
61043,"NANDRIN",6,0.000515475617439763,223618.243461538,134395.195769231,50.5174386,5.39692623076923
61048,"OUFFET",6,0.000245762745028979,227348.585,126750.588333333,50.445524675,5.459230825
61063,"VERLAINE",6,0.000334049489103083,216562.486363636,144518.573636364,50.6051044272727,5.30694344545455
61068,"VILLERS-LE-BOUILLET",6,0.000557270937772716,212397.278421053,142369.498947368,50.5927932368421,5.24931904210526
61072,"WANZE",6,0.00116432057167232,209023.159027778,137455.734444444,50.5470632,5.20697954166667
61079,"ANTHISNES",6,0.000371931389929206,230158.896875,132089.89625,50.49181345,5.49553165625
61080,"ENGIS",6,0.000542086870086213,222212.266956522,140103.862608696,50.5671816173913,5.39808673913043
61081,"TINLOT",6,0.00021148119014914,221860.432857143,130272.864285714,50.4728240642857,5.37767915714286
62003,"ANS",6,0.00264359314525439,231026.7325,151615.9709375,50.6674326,5.51886628125
62006,"AWANS",6,0.000812425889618089,227240.490196078,153333.115686275,50.6823449117647,5.45616429411765
62009,"AYWAILLE",6,0.00100355729833171,244118.575333333,128848.603555556,50.4674697466667,5.68915832888889
62011,"BASSENGE",6,0.00080084216787787,236971.5632,162329.9072,50.763750812,5.601115924
62015,"BEYNE-HEUSAY",6,0.00112612559728565,241452.073,147450.8625,50.630221975,5.663538345
62022,"CHAUDFONTAINE",6,0.00191287945493893,239265.123977273,142153.427727273,50.5910258977273,5.63015532954545
62026,"COMBLAIN",6,0.000489960122255225,236283.678125,130989.451875,50.5027936,5.557939225
62027,"DALHEM",6,0.000622390238366382,247819.769,157619.483333333,50.722418512,5.7508077
62032,"ESNEUX",6,0.00126700869953156,235927.174166667,138026.586944444,50.5463108277778,5.57133156111111
62038,"FLERON",6,0.00152310287205858,243006.248108108,145754.814054054,50.6175928513514,5.68426422162162
62051,"HERSTAL",6,0.00338823860901417,237873.144070513,152349.664551282,50.6718310653846,5.61451141538461
62060,"JUPRELLE",6,0.000817121993026286,233014.087952381,156212.903190476,50.7120405371429,5.54694290285714
62063,"LIEGE",6,0.0178578724303509,236455.095586592,147832.350614525,50.6341910558659,5.59176213687151
62079,"OUPEYE",6,0.00230750867800776,240279.128294574,157328.829767442,50.7174077255814,5.64953681860465
62093,"SAINT",6,0.00215785951606654,231966.766363636,147444.087272727,50.6270326454545,5.52239332272727
62096,"SERAING",6,0.00567226676998094,231128.670857143,143329.447,50.5913876214286,5.51004247571429
62099,"SOUMAGNE",6,0.00146127084385065,246346.770897436,147411.205512821,50.6334171205128,5.72854858205128
62100,"SPRIMONT",6,0.00118560957378948,241685.72490566,135070.085471698,50.5203544056604,5.67225888113208
62108,"VISE",6,0.00160966771154968,243290.97797619,158162.494880952,50.7247001428571,5.68939977619048
62118,"GRACE",6,0.00214705847822769,227034.718414634,147878.233292683,50.6316221853659,5.45730362195122
62119,"BLEGNY-TREMBLEUR",6,0.00123945822620347,244372.6540625,151923.079375,50.6742921375,5.705151975
62120,"FLEMALLE",6,0.00237372373606333,226191.225487805,143833.55097561,50.5973979060976,5.44427433170732
62121,"NEUPRE-NEUVILLE-EN-CONDROZ",6,0.000971310721595423,229329.783703704,137456.619259259,50.5446814740741,5.48550184444444
62122,"TROOZ-FORET",6,0.00072726988114945,244335.253888889,140966.573703704,50.5777498407407,5.71019894444444
63001,"AMEL",6,0.000473523760326536,278422.326282051,116871.217692308,50.3484809692308,6.18923271538462
63003,"AUBEL ",6,0.000361913035991719,255113.196666667,155825.545555556,50.7021296,5.8592295
63004,"BAELEN",6,0.000375844809436037,264708.335384615,146831.863076923,50.6231663769231,5.98556833076923
63012,"BULLINGEN",6,0.000495908519905608,288316.622142857,119493.058035714,50.3827161714286,6.29970428571429
63013,"BUTGENBACH",6,0.00051923250016632,280003.549047619,128431.999047619,50.4398279,6.21079545714286
63020,"DISON",6,0.00128469735570244,255830.776842105,145407.375789474,50.6118514421053,5.86841703157895
63023,"EUPEN",6,0.0016943541096775,268693.449848485,147937.168636364,50.6285651909091,6.03860625454545
63035,"HERVE",6,0.00162892173552328,251100.218444444,148544.708444444,50.6398430866667,5.80855174888889
63038,"JALHAY",6,0.000738540529329123,261709.626896552,137165.172758621,50.5356697172414,5.94734855172414
63040,"KELMIS",6,0.00100277461443034,266636.312777778,157405.603333333,50.7143532388889,6.01869431666667
63045,"LIERNEUX",6,0.000316673906492754,251288.577297297,111403.58027027,50.2970769486486,5.77584037297297
63046,"LIMBOURG",6,0.000525807044937796,260969.055789474,145848.022105263,50.619153068421,5.938444
63048,"LONTZEN",6,0.000498100034829434,265811.816875,153070.33125,50.6804488875,6.0156632
63049,"MALMEDY",6,0.00104989218529259,268280.630454545,124180.081590909,50.4231379227273,6.02719860909091
63057,"OLNE",6,0.000380697449624507,246494.14,142876.73,50.5900615,5.7465679
63058,"PEPINSTER",6,0.000875040601727383,251574.94,141048.1268,50.572777992,5.805486996
63061,"RAEREN",6,0.000961605441218482,273147.065769231,153640.2,50.6862391923077,6.09648709230769
63067,"SANKT-VITH",6,0.00084388978245301,275745.936320755,109178.563301887,50.268070854717,6.12763816792453
63072,"SPA ",6,0.000954091675765367,256411.152380952,131572.37,50.5701277,5.5523484
63073,"STAVELOT",6,0.000624894826850754,262074.14475,123199.54275,50.4076537875,5.935340135
63075,"STOUMONT",6,0.000268930188509418,251855.915416667,122633.748229167,50.4005712041667,5.79497206041667
63076,"THEUX",6,0.00108370412983161,253065.766222222,135530.780333333,50.5236005222222,5.81971843333333
63079,"VERVIERS",6,0.00493497853489401,256019.764492754,143015.497463768,50.5882246463768,5.86574846666667
63080,"WAIMES",6,0.0006053277293166,274480.764166667,126542.4415,50.42860485,6.11739328
63084,"WELKENRAEDT",6,0.000865022247789896,261954.054583333,151298.485104167,50.6723520875,5.9574820625
63086,"TROIS",6,0.000220247249844442,257335.840806452,117577.449516129,50.3494296193548,5.87617089354839
63087,"BURG-REULAND-THOMMEN",6,0.000356590785462429,273633.285128205,100535.635897436,50.2049036461539,6.10084210769231
63088,"PLOMBIERES-GEMMENICH",6,0.000907600252024216,262823.0828125,159010.1825,50.72757471875,5.96774844375
63089,"THIMISTER",6,0.000510466440471019,255805.814888889,151525.873333333,50.6567777866667,5.87496760666667
64008,"BERLOZ",6,0.000255311488625646,208761.319285714,155248.914285714,50.6931364714286,5.20426168571429
64015,"BRAIVES",6,0.000515475617439763,205561.399285714,145324.245714286,50.6170074238095,5.15741644761905
64021,"CRISNEE",6,0.000262042570177395,222885.688571429,155965.39,50.7174005,5.3977268
64023,"DONCEEL",6,0.000269243262069964,217951.563333333,149235.391666667,50.6463239333333,5.31890993333333
64025,"FEXHE-LE-HAUT-CLOCHER ",6,0.000285679623998654,222905.784,150463.875,50.6642009,5.3987435
64029,"GEER",6,0.000258755297791657,207494.5571875,151202.3784375,50.66522195,5.172402575
64034,"HANNUT",6,0.00126700869953156,200148.514125,150903.909625,50.67254432,5.0771502575
64047,"LINCENT",6,0.000273156681576795,196754.27125,157097.985,50.718675925,5.0300331
64056,"OREYE",6,0.000336554077587455,219060.813,157551.556,50.73175,5.3577
64063,"REMICOURT",6,0.00047806332695446,218532.819,153334.123,50.68732507,5.33491488
64065,"SAINT-GEORGES-SUR-MEUSE",6,0.00062035526022283,220426.7925,143086.465714286,50.60007,5.35756
64074,"WAREMME",6,0.00127389631786359,213237.95,154132.063125,50.6954193291667,5.26197869166667
64075,"WASSEIGE",6,0.000215238072875698,196560.532333333,145261.417333333,50.60545973,5.02832898
64076,"FAIMES-CELLES",6,0.000316830443273028,212160.7125,148672.6775,50.638481925,5.23516781666667
71002,"AS",7,0.00074808927292579,235612.768125,189456.996875,51.01100581875,5.59041270625
71004,"BERINGEN",7,0.00402080373809831,209879.741065574,194726.440655738,51.0487344098361,5.21264829508197
71011,"DIEPENBEEK",7,0.00183758526362751,224385.178846154,178653.938461538,50.91083,5.41336
71016,"GENK",7,0.00621388402972633,229238.533,185213.0928,50.97960258,5.50961926
71017,"GINGELOM",7,0.000752159229212894,207035.1402,158667.6816,50.7385491,5.170312608
71020,"HALEN",7,0.000820565802192298,201179.08375,182874.693125,50.95776809375,5.109483875
71022,"HASSELT",7,0.00697308741405152,216500.242145594,180994.838716475,50.932459808046,5.30130681264368
71024,"HERK-DE-STAD",7,0.00119218411856096,207046.7934,181292.1836,50.946648736,5.175029104
71034,"LEOPOLDSBURG",7,0.00138049786522966,211394.361176471,201269.554117647,51.1138520352941,5.24034669411765
71037,"LUMMEN",7,0.00137940210776775,207509.191212121,187852.724242424,50.9887719090909,5.17890062727273
71045,"NIEUWERKERKEN",7,0.000670603566690539,208873.6975,174306.198,50.89115626,5.19876493
71047,"OPGLABBEEK",7,0.000967866912429412,234904.645333333,192892.14,51.04316,5.58412
71053,"SINT-TRUIDEN",7,0.00380259146639742,208676.3525,167141.640294118,50.80806,5.19298846617647
71057,"TESSENDERLO",7,0.00167729160062771,200252.062916667,194676.070416667,51.0642666,5.0881938
71066,"ZONHOVEN",7,0.00198770403590954,220609.061875,187229.645,50.98931271875,5.363570775
71067,"ZUTENDAAL",7,0.000723356461642619,234788.313333333,180754.896666667,50.93196,5.57227
71069,"HAM-OOSTHAM",7,0.000968806133111051,205539.212857143,199289.889047619,51.0946524857143,5.14661788095238
71070,"HEUSDEN",7,0.00306796435657513,214585.594015152,190459.669090909,51.0354099,5.283057
72003,"BOCHOLT",7,0.00120846394370937,232823.028157895,208562.534736842,51.1772904263158,5.55953730526316
72004,"BREE",7,0.001429963487796,237274.534,203846.729666667,51.13898643,5.60348756
72018,"KINROOI",7,0.00121785615052577,248298.210952381,204997.273333333,51.1320176285714,5.79587826190476
72020,"LOMMEL",7,0.00315077231333967,215806.125348837,213378.240697674,51.2304193,5.3110063
72021,"MAASEIK",7,0.00236746226485241,245173.780930233,198458.238139535,51.0897940046512,5.73032067674419
72025,"NEERPELT",7,0.00158368260602432,225881.513529412,213677.680588235,51.2294398117647,5.44435752941176
72029,"OVERPELT",7,0.00130113371763113,222516.743125,211382.754375,51.2102694,5.4225379
72030,"PEER",7,0.00156552433951262,226087.349,202709.816,51.1350294933333,5.45618499333333
72037,"HAMONT",7,0.00133917215523752,229590.483888889,216921.198333333,51.2489333888889,5.51529338888889
72038,"HECHTEL",7,0.00112189910421827,219898.307083333,203295.8525,51.16775215,5.39432515
72039,"HOUTHALEN",7,0.00299955778359573,222633.221323529,192854.328970588,51.0328351764706,5.33119113529412
72040,"MEEUWEN",7,0.00130958670376588,232764.645645161,199057.328225806,51.0723842709677,5.55293347419355
72041,"DILSEN",7,0.00191256638137838,244837.901216216,192415.859189189,51.0367677081081,5.73577066216216
73001,"ALKEN",7,0.00113270014205713,214957.121304348,174862.44826087,50.87609,5.30767
73006,"BILZEN",7,0.00299079172390043,232043.213736559,174049.085698925,50.8666465080645,5.53475478387097
73009,"BORGLOON",7,0.00101842829245767,218278.869892473,166522.213172043,50.8077707870968,5.33234816129032
73022,"HEERS",7,0.000663559411578243,216038.357,160863.2626,50.755946272,5.303625884
73028,"HERSTAPPE",7,8.13991257420822e-06,224845.375,157895.565,50.72653,5.426
73032,"HOESELT",7,0.000957692021711651,227670.6176,171279.9116,50.801277184,5.471206836
73040,"KORTESSEM",7,0.000845142076695195,222901.807368421,172011.696315789,50.8572707,5.41065339473684
73042,"LANAKEN",7,0.00247265498119602,240465.208684211,176924.872894737,50.89645105,5.65884528157895
73066,"RIEMST",7,0.00163455705961312,236791.306447368,166767.392763158,50.8072625,5.59515614736842
73083,"TONGEREN",7,0.00295337943341512,227721.578333333,163841.3818,50.7804939466667,5.47365562533333
73098,"WELLEN",7,0.000712085813462946,217538.8659375,170550.6940625,50.83721318125,5.3287591
73107,"MAASMECHELEN-MECHELEN-AAN-DE-MAAS",7,0.00365137693665348,243578.157291667,184975.9303125,50.9699179354167,5.70979218958333
73109,"VOEREN-'S GRAVENVOEREN",7,0.000404334503445766,251986.417058824,160699.777058824,50.7492194058824,5.80634307647059
81001,"ARLON",8,0.00246905463524973,253526.153478261,42082.8256521739,49.6789395463768,5.80693870289855
81003,"ATTERT",8,0.000398542642575656,250559.824814815,49058.3942592593,49.7417188962963,5.76685537037037
81004,"AUBANGE",8,0.00140679604431556,253876.580595238,29744.9523809524,49.5658739190476,5.79969015238095
81013,"MARTELANGE ",8,0.000134152020694162,248583.97375,59680.05625,49.8305953,5.735271
81015,"MESSANCY",8,0.000677960795363381,254248.393636364,34201.6454545455,49.6083025909091,5.80146761363636
82003,"BASTOGNE",8,0.00129581146710184,249159.798333333,78925.5984102564,50.0075474307692,5.76257896
82005,"BERTOGNE",8,0.000256407246087559,240883.985675676,83996.1648648649,50.0492212702703,5.6421464027027
82009,"FAUVILLERS",8,0.000171407774399192,245692.187142857,63979.520952381,49.8802826619048,5.69084033333333
82014,"HOUFFALIZE",8,0.000417796666549264,249573.680980392,93318.7705882353,50.1424972764706,5.76354499019608
82032,"VIELSALM",8,0.000673421228735457,258518.815933333,108767.701566667,50.278327962,5.88249881
82036,"VAUX",8,0.000394003075947732,239767.820952381,70740.6654761905,49.9415376190476,5.6278189
82037,"GOUVY-BOVIGNY",8,0.000422649306737734,259989.888589744,99507.608974359,50.1938943923077,5.90429742564103
82038,"SAINTE-ODE-TILLET",8,0.000211011579808321,234637.139565217,79315.9569565217,50.0224622913044,5.5271492173913
83012,"DURBUY",8,0.000938437997738044,229688.013072289,116893.494518072,50.3586123433735,5.48945020843373
83013,"EREZEE",8,0.000255937635746739,234929.280967742,110352.803387097,50.2990272387097,5.54517653225806
83028,"HOTTON",8,0.000464131553510142,225954.235804598,107215.867643678,50.2735935068966,5.43036502758621
83031,"LA",8,0.000378192861140136,237782.720731707,95005.7921951219,50.1624573682927,5.58944092682927
83034,"MARCHE",8,0.00157538615666984,219206.3886,100345.5948,50.214637724,5.3404909
83040,"NASSOGNE",8,0.000437363764083418,220247.09125,93498.7491666667,50.1515512125,5.3466512875
83044,"RENDEUX",8,0.000195670975341544,231756.299277778,101899.269555556,50.22069526,5.51147691
83049,"TENNEVILLE",8,0.000233083265826847,232650.840714286,88428.7921428571,50.1033126571429,5.52780088928571
83055,"MANHAY-GRANDMENIL",8,0.000264860232222314,241900.295483871,110578.312258065,50.2961917,5.66700600967742
84009,"BERTRIX",8,0.0007538811337959,213378.249487179,60712.378974359,49.8518224897436,5.24696635641026
84010,"BOUILLON",8,0.000490742806156592,200235.056190476,56238.0641666667,49.8202028666667,5.06256709761905
84016,"DAVERDISSE",8,0.000121159467931484,199970.450833333,76577.87375,49.9989648916667,5.05795570833333
84029,"HERBEUMONT",8,0.000128986306945146,219406.090769231,55255.0823076923,49.7837641615385,5.32387338461538
84033,"LEGLISE",8,0.000336710614367728,234958.780588235,56243.2355882353,49.8213620617647,5.59734752058823
84035,"LIBIN",8,0.00040840445973287,211680.188333333,74828.0766666667,49.9804560041667,5.21998872083333
84043,"NEUFCHATEAU",8,0.000580125307692609,227603.534814815,60062.9761851852,49.8378836711111,5.44203705111111
84050,"PALISEUL",8,0.000457400471958393,205033.336666667,66313.4790476191,49.9059364,5.13542259523809
84059,"SAINT-HUBERT",8,0.000522206698991512,219425.76462963,80060.7177777778,50.0272484111111,5.34557631481481
84068,"TELLIN",8,0.00020756777064231,212271.153076923,86294.5530769231,50.0866601076923,5.23451972307692
84075,"WELLIN",8,0.000259537981693024,202906.28,85061.5305263158,50.0769252105263,5.10853627368421
84077,"LIBRAMONT",8,0.000901651854373833,225894.663050847,69937.6051694915,49.9379445033898,5.42024853050847
85007,"CHINY",8,0.000426093115903746,224503.530769231,44633.33,49.7105296538462,5.39636505384615
85009,"ETALLE",8,0.000480724452219105,238914.833636364,40666.7963636364,49.6752283409091,5.59469940909091
85011,"FLORENVILLE",8,0.000483855187824569,215283.728275862,43849.8455172414,49.6994784689655,5.26646216206897
85024,"MEIX-DEVANT-VIRTON",8,0.000252337289800455,229480.14625,32401.909375,49.5960822125,5.4681102625
85026,"MUSSON",8,0.000376784030117677,244906.5775,29059.4965,49.56317612,5.68823094
85034,"SAINT-LEGER",8,0.000307907846797453,245150.818125,35082.936875,49.624026825,5.7032101
85039,"TINTIGNY",8,0.000310725508842371,231508.78875,41489.2428125,49.6816290875,5.49852121875
85045,"VIRTON",8,0.00100449651901335,236613.495277778,28417.7433333333,49.5603219305556,5.57199440833333
85046,"HABAY",8,0.000662620190896604,238372.592380952,46621.559047619,49.7243330190476,5.60299053333333
85047,"ROUVROY-DAMPICOURT",8,0.000179234613412854,230706.756153846,25574.6388461538,49.5372429769231,5.48222352307692
91005,"ANHEE",9,0.000649001491012832,182331.585,111992.924333333,50.3173417133333,4.83247461333333
91013,"BEAURAING",9,0.000743393169517593,192676.078017241,88254.1403448276,50.1043073827586,4.96350998103448
91015,"BIEVRE",9,0.000282392351612916,196474.678888889,67402.8088888889,49.9173564444444,5.02233428148148
91030,"CINEY",9,0.00139615154325698,202930.779383562,107125.198287671,50.2702750219178,5.10906411506849
91034,"DINANT",9,0.00119108836109904,190479.645862069,104920.906206897,50.257526112069,4.9343699862069
91054,"GEDINNE",9,0.00038179320708642,189882.785,76027.6542857143,49.9880915535714,4.928213375
91059,"HAMOIS",9,0.000611276126966983,204451.074635417,114565.063385417,50.336398128125,5.14067626875
91064,"HAVELANGE",9,0.000422962380298281,212501.166282051,117727.145,50.3661285230769,5.24607616153846
91072,"HOUYET",9,0.000397446885113744,195423.8525,97561.7215909091,50.1831326681818,5.00648596818182
91103,"ONHAYE",9,0.000295071830815048,181303.807777778,105022.932962963,50.2545796740741,4.80353275925926
91114,"ROCHEFORT",9,0.00112315139846046,208501.806,94054.0296363636,50.1533433763636,5.18396806909091
91120,"SOMME",9,0.000398542642575656,217919.899878049,110376.115121951,50.3016631390244,5.32356493170732
91141,"YVOIR",9,0.000758107626863277,189434.102938597,113435.00377193,50.3318737236842,4.91113562631579
91142,"HASTIERE",9,0.000484637871725935,182518.854190476,98487.6677142857,50.1995874114286,4.83533204285714
91143,"VRESSE",9,0.000258755297791657,189376.968125,61617.120625,49.8604068625,4.927215840625
92003,"ANDENNE",9,0.00223346678093852,198983.189637681,131127.134275362,50.4879648768116,5.05863013913044
92006,"ASSESSE",9,0.000594057081136927,194920.325645161,118485.543548387,50.3778491193548,4.99319010645161
92035,"EGHEZEE",9,0.00129565493032157,187945.147307692,141849.470192308,50.5845692769231,4.89141569230769
92045,"FLOREFFE",9,0.000702380533086005,177659.493571429,125070.967202381,50.4403134285714,4.74803217142857
92048,"FOSSES-LA-VILLE",9,0.000866587615592629,171095.95515625,119944.069635417,50.396272909375,4.67360381875
92054,"GESVES",9,0.000552418297584246,198626.618225806,123596.253548387,50.4190598129032,5.04524270322581
92087,"METTET",9,0.00109873166073784,171178.871309524,112433.825952381,50.3181198142857,4.66820165238095
92094,"NAMUR",9,0.0102110507140034,185525.42039801,128026.575348259,50.4601530626866,4.86703632139303
92097,"OHEY",9,0.00038711545761571,206789.131521739,125547.209782609,50.4324398913043,5.16051072608696
92101,"PROFONDEVILLE",9,0.00104410032442248,183518.132391304,118607.9775,50.3713602826087,4.8471930173913
92114,"SOMBREFFE",9,0.000704415511229557,166589.14468254,134789.624920635,50.5204454714286,4.60201109047619
92137,"SAMBREVILLE-AUVELAIS",9,0.00259005756640095,167838.130160256,125765.797788462,50.4431713096154,4.61831512692308
92138,"FERNELMONT-FORVILLE",9,0.000608458464922064,194080.814411765,138830.894705882,50.5589814705882,4.98782823529412
92140,"JEMEPPE",9,0.00170765973600072,171720.28744186,128382.944534884,50.4676000953488,4.67979378139535
92141,"LA BRUYERE-EMINES",9,0.000777987797957978,181262.433866667,135210.366133333,50.52527348,4.804093284
92142,"GEMBLOUX",9,0.00202323788503156,174054.201384181,137826.52680791,50.5488152915254,4.69532172372881
93010,"CERFONTAINE",9,0.000401516841400848,154723.796956522,97250.4513043478,50.1894362782609,4.43370832173913
93014,"COUVIN",9,0.00124180627790757,158294.0557277,81406.5635915493,50.0422757676056,4.48415066901408
93018,"DOISCHE",9,0.000256094172527012,174822.375,92644.8761538462,50.14205315,4.71189367692308
93022,"FLORENNES",9,0.00102844664639515,167283.26429078,105580.826453901,50.2651315234043,4.60700497021277
93056,"PHILIPPEVILLE",9,0.000767812907240217,165458.152118644,95590.3278813559,50.1788174169492,4.58276754915254
93088,"WALCOURT",9,0.00167588276960525,155376.257884615,106495.935064103,50.26693755,4.44266288205128
93090,"VIROINVAL-OLLOY-SUR-VIROIN",9,0.000518606353045227,167897.5140625,84326.8228125,50.072110725,4.61751114375
